{"gradients/ff_2.bias": {"_type": "histogram", "values": [1.0, 0.0, 0.0, 0.0, 0.0, 0.0, 0.0, 0.0, 0.0, 0.0, 0.0, 0.0, 0.0, 0.0, 0.0, 0.0, 0.0, 0.0, 0.0, 0.0, 0.0, 0.0, 0.0, 0.0, 0.0, 0.0, 0.0, 0.0, 0.0, 0.0, 0.0, 0.0, 0.0, 0.0, 0.0, 0.0, 0.0, 0.0, 0.0, 0.0, 0.0, 0.0, 0.0, 0.0, 0.0, 0.0, 0.0, 0.0, 0.0, 0.0, 0.0, 0.0, 0.0, 0.0, 0.0, 0.0, 0.0, 0.0, 0.0, 0.0, 0.0, 0.0, 0.0, 1.0], "bins": [-0.016766009852290154, -0.016752885654568672, -0.01673975959420204, -0.01672663539648056, -0.01671351119875908, -0.016700387001037598, -0.016687260940670967, -0.016674136742949486, -0.016661012545228004, -0.016647888347506523, -0.016634762287139893, -0.01662163808941841, -0.01660851389169693, -0.01659538969397545, -0.016582263633608818, -0.016569139435887337, -0.016556013375520706, -0.016542889177799225, -0.016529763117432594, -0.016516638919711113, -0.01650351472198963, -0.01649039052426815, -0.01647726446390152, -0.01646414026618004, -0.016451016068458557, -0.016437891870737076, -0.016424765810370445, -0.016411641612648964, -0.016398517414927483, -0.016385393217206, -0.01637226715683937, -0.01635914295911789, -0.016346018761396408, -0.016332894563674927, -0.016319768503308296, -0.016306644305586815, -0.016293520107865334, -0.016280395910143852, -0.01626726984977722, -0.01625414565205574, -0.01624101959168911, -0.01622789539396763, -0.016214769333600998, -0.016201645135879517, -0.016188520938158035, -0.016175396740436554, -0.016162270680069923, -0.016149146482348442, -0.01613602228462696, -0.01612289808690548, -0.01610977202653885, -0.016096647828817368, -0.016083523631095886, -0.016070399433374405, -0.016057273373007774, -0.016044149175286293, -0.016031023114919662, -0.01601789891719818, -0.01600477285683155, -0.01599164865911007, -0.015978524461388588, -0.015965400263667107, -0.015952274203300476, -0.015939150005578995, -0.015926025807857513]}, "_timestamp": 1672921313, "_runtime": 33, "gradients/ff_2.weight": {"_type": "histogram", "values": [1.0, 0.0, 0.0, 0.0, 1.0, 0.0, 0.0, 0.0, 1.0, 2.0, 1.0, 1.0, 2.0, 0.0, 0.0, 6.0, 1.0, 2.0, 4.0, 1.0, 5.0, 5.0, 2.0, 2.0, 5.0, 3.0, 7.0, 10.0, 5.0, 3.0, 7.0, 3.0, 10.0, 6.0, 5.0, 7.0, 3.0, 5.0, 6.0, 3.0, 5.0, 1.0, 9.0, 6.0, 6.0, 4.0, 2.0, 4.0, 4.0, 5.0, 3.0, 2.0, 2.0, 4.0, 3.0, 1.0, 1.0, 1.0, 3.0, 2.0, 5.0, 1.0, 311.0, 2.0], "bins": [-0.01846442185342312, -0.018168359994888306, -0.017872298136353493, -0.01757623627781868, -0.017280174419283867, -0.016984112560749054, -0.01668805070221424, -0.016391988843679428, -0.016095926985144615, -0.015799865126609802, -0.01550380326807499, -0.015207741409540176, -0.014911679551005363, -0.01461561769247055, -0.014319555833935738, -0.014023493975400925, -0.013727433048188686, -0.013431371189653873, -0.01313530933111906, -0.012839247472584248, -0.012543185614049435, -0.012247123755514622, -0.011951061896979809, -0.01165500096976757, -0.011358939111232758, -0.011062877252697945, -0.010766815394163132, -0.010470753535628319, -0.010174691677093506, -0.009878629818558693, -0.00958256796002388, -0.009286506101489067, -0.008990445174276829, -0.008694383315742016, -0.008398321457207203, -0.00810225959867239, -0.007806197740137577, -0.007510135881602764, -0.0072140744887292385, -0.006918012630194426, -0.006621950305998325, -0.006325888447463512, -0.0060298265889286995, -0.0057337647303938866, -0.005437702871859074, -0.005141641013324261, -0.004845579620450735, -0.004549517761915922, -0.004253455903381109, -0.003957394044846296, -0.0036613321863114834, -0.003365270560607314, -0.003069208702072501, -0.0027731468435376883, -0.002477085217833519, -0.002181023359298706, -0.001884961617179215, -0.0015888998750597239, -0.001292838016524911, -0.000996776157990098, -0.0007007144158706069, -0.00040465255733579397, -0.00010859081521630287, 0.00018747092690318823, 0.0004835327563341707]}, "gradients/ff_1.bias": {"_type": "histogram", "values": [2.0, 0.0, 0.0, 0.0, 1.0, 0.0, 0.0, 2.0, 1.0, 0.0, 0.0, 0.0, 0.0, 2.0, 1.0, 4.0, 2.0, 2.0, 5.0, 1.0, 0.0, 0.0, 1.0, 5.0, 1.0, 1.0, 4.0, 1.0, 1.0, 1.0, 3.0, 0.0, 0.0, 4.0, 2.0, 3.0, 1.0, 1.0, 6.0, 5.0, 6.0, 4.0, 6.0, 2.0, 2.0, 2.0, 1.0, 1.0, 4.0, 0.0, 1.0, 1.0, 2.0, 1.0, 2.0, 2.0, 0.0, 2.0, 152.0, 1.0, 0.0, 0.0, 0.0, 1.0], "bins": [-0.0022918153554201126, -0.002252323320135474, -0.002212831284850836, -0.0021733390167355537, -0.0021338469814509153, -0.002094354946166277, -0.0020548629108816385, -0.002015370875597, -0.0019758788403123617, -0.0019363868050277233, -0.001896894653327763, -0.0018574026180431247, -0.0018179105827584863, -0.001778418431058526, -0.0017389263957738876, -0.0016994343604892492, -0.0016599420923739672, -0.0016204500570893288, -0.0015809579053893685, -0.0015414658701047301, -0.0015019738348200917, -0.0014624816831201315, -0.001422989647835493, -0.0013834976125508547, -0.0013440055772662163, -0.0013045135419815779, -0.0012650213902816176, -0.0012255293549969792, -0.0011860373197123408, -0.0011465451680123806, -0.0011070531327277422, -0.0010675610974431038, -0.0010280689457431436, -0.0009885769104585052, -0.0009490848169662058, -0.0009095927234739065, -0.0008701006299816072, -0.0008306085364893079, -0.0007911165012046695, -0.0007516244077123702, -0.0007121323142200708, -0.0006726402207277715, -0.0006331481854431331, -0.0005936560919508338, -0.0005541639984585345, -0.0005146719049662352, -0.00047517986968159676, -0.00043568777618929744, -0.0003961957700084895, -0.00035670370562002063, -0.0003172116121277213, -0.00027771954773925245, -0.00023822746879886836, -0.00019873538985848427, -0.0001592433254700154, -0.00011975123197771609, -8.025916758924723e-05, -4.0767092286841944e-05, -1.275016984436661e-06, 3.8217054679989815e-05, 7.77091336203739e-05, 0.000117201212560758, 0.00015669327694922686, 0.00019618537044152617, 0.00023567743482999504]}, "gradients/ff_1.weight": {"_type": "histogram", "values": [1.0, 2.0, 1.0, 3.0, 1.0, 2.0, 0.0, 6.0, 5.0, 12.0, 7.0, 8.0, 13.0, 16.0, 12.0, 28.0, 25.0, 33.0, 39.0, 39.0, 51.0, 64.0, 74.0, 92.0, 85.0, 90.0, 101.0, 128.0, 143.0, 142.0, 172.0, 161.0, 162.0, 176.0, 204.0, 218.0, 226.0, 298.0, 267.0, 290.0, 366.0, 436.0, 431.0, 511.0, 618.0, 631.0, 620.0, 723.0, 678.0, 833.0, 1037.0, 1238.0, 1605.0, 2050.0, 2837.0, 46985.0, 415.0, 64.0, 25.0, 12.0, 11.0, 5.0, 4.0, 4.0], "bins": [-0.0013882946223020554, -0.001363107468932867, -0.001337920199148357, -0.0013127330457791686, -0.0012875457759946585, -0.0012623586226254702, -0.00123717135284096, -0.0012119841994717717, -0.0011867969296872616, -0.0011616097763180733, -0.0011364225065335631, -0.0011112353531643748, -0.0010860480833798647, -0.0010608609300106764, -0.0010356736602261662, -0.001010486506856978, -0.0009852993534877896, -0.0009601121419109404, -0.0009349249303340912, -0.000909737718757242, -0.0008845505071803927, -0.0008593633538112044, -0.0008341761422343552, -0.000808988930657506, -0.0007838017190806568, -0.0007586145075038075, -0.0007334272959269583, -0.0007082400843501091, -0.0006830529309809208, -0.0006578656611964107, -0.0006326785078272223, -0.0006074912962503731, -0.0005823040846735239, -0.0005571168730966747, -0.0005319296615198255, -0.0005067424499429762, -0.00048155526746995747, -0.00045636805589310825, -0.0004311808734200895, -0.00040599366184324026, -0.00038080645026639104, -0.0003556192386895418, -0.0003304320271126926, -0.00030524484463967383, -0.0002800576330628246, -0.0002548704214859754, -0.0002296832244610414, -0.0002044960274361074, -0.00017930880130734295, -0.00015412160428240895, -0.00012893439270555973, -0.00010374718840466812, -7.855998410377651e-05, -5.337277252692729e-05, -2.81855755019933e-05, -2.9983784770593047e-06, 2.2188833099789917e-05, 4.7376037400681525e-05, 7.256324170157313e-05, 9.775044600246474e-05, 0.00012293765030335635, 0.00014812486188020557, 0.00017331205890513957, 0.00019849925593007356, 0.00022368646750692278]}, "gradients/head_1.bias": {"_type": "histogram",